"V1","d1_hrd","metad_hrd","mratio_hrd","d1_extero","metad_extero","mratio_extero","d1_rrst","metad_rrst","mratio_rrst"
"sub-0019",1.23471564245975,0.812435155211282,0.657993733352875,1.71859982249362,2.11967394829626,1.23337260981484,NA,NA,NA
"sub-0020",1.46554266000475,1.65633215196913,1.13018351302293,1.07699909404628,1.93838273028958,NA,NA,NA,NA
"sub-0022",2.33342729961693,1.94492460318943,0.83350554933026,2.265352026461,2.49990412827752,1.10353891981324,NA,NA,NA
"sub-0023",1.05020063675956,0.678375658670956,0.64594862631593,0.918730172648848,1.34062948396333,1.45922004509559,NA,NA,NA
"sub-0024",2.27351060157067,1.0117644041618,0.445022954132177,0.729451584143427,2.01482680276037,NA,NA,NA,NA
"sub-0025",1.15034938037601,1.15679977323488,1.00560733371001,1.69759438478963,1.533961863156,0.903609175961132,NA,NA,NA
"sub-0026",2.13959191031579,-0.366134027097004,NA,1.90238430315695,1.79247386805438,0.942224904337056,NA,NA,NA
"sub-0027",1.12712776345082,1.40167403469793,1.2435804352885,3.09546680028669,1.91797144362984,0.619606530250044,NA,NA,NA
"sub-0028",1.37936817010998,0.118181676855066,0.0856781238076872,0.863651873922468,1.53749497044777,NA,NA,NA,NA
"sub-0029",1.47046536527985,1.52270608480595,1.03552665758718,1.81636241622549,0.663664284555696,0.36538098268672,NA,NA,NA
"sub-0030",1.25984512067423,1.17304914511486,0.931105836634176,1.82027913663541,0.82037226671992,0.450684870363504,NA,NA,NA
"sub-0031",1.08519608636838,1.74491542574681,1.60792639013857,0.537367705956919,0.720637392966022,1.34105080185782,NA,NA,NA
"sub-0032",0.624996625004218,1.20478142846697,1.92766069490189,2.27918278843563,2.34032003870053,1.02682419794283,NA,NA,NA
"sub-0034",1.51442937657238,0.938161759095057,0.619482013230888,2.55386709658112,1.72891619815847,0.676979706764297,NA,NA,NA
"sub-0035",1.31046849005756,0.653587391634607,0.498743309429668,1.6930353267041,1.28793324814392,0.760724379361412,NA,NA,NA
"sub-0036",-3.43872725594186,-1.94504804569295,0.565630217497494,0.434944624083301,0.642492857354785,1.47718312120518,NA,NA,NA
"sub-0037",1.88837870976493,1.10197959801125,0.583558579808617,2.10011481667586,2.18113274162326,1.03857785503158,NA,NA,NA
"sub-0038",1.64546399839899,0.168907766446213,0.102650539064092,2.73889846533119,1.23905257391395,0.452390838725057,NA,NA,NA
"sub-0039",2.71465986662619,1.78235748003957,0.656567514019613,2.19862324797208,1.78983503681977,0.814070822943695,NA,NA,NA
"sub-0040",0.934297577878749,1.01185213666403,1.08300841254599,1.41672418462155,1.7282480333808,1.21989025961498,NA,NA,NA
"sub-0041",1.35838031519246,1.93026411523018,1.42100418685521,2.3331325983837,2.91306620750483,1.24856435914653,NA,NA,NA
"sub-0042",1.03465497058572,1.35738320399903,1.31191870003834,1.73568650429533,1.50138124808052,0.865007156744623,NA,NA,NA
"sub-0043",0.557828447538296,1.61346901466324,NA,2.8156878711681,2.07444484889151,0.736745315463861,NA,NA,NA
"sub-0046",1.73647689555298,2.30681338336415,1.32844461637916,1.06588531721133,1.13142875758561,1.06149201918435,NA,NA,NA
"sub-0047",1.89139981530743,1.19160618722607,0.630012849521392,2.19497968431075,2.16896301915699,0.988147195466217,NA,NA,NA
"sub-0048",1.8949358678757,1.16370452127985,0.61411287896746,2.28875271379007,1.91848078870493,0.838221087470833,NA,NA,NA
"sub-0049",1.84241691776437,1.73172265090055,0.939918991300763,2.01164746457006,1.68486742629769,0.837556011166095,NA,NA,NA
"sub-0050",1.31546566073802,1.19011016778119,0.904706373797315,1.74736564351115,1.82593148064306,1.04496244814225,NA,NA,NA
"sub-0051",1.21724265556972,1.52750874285105,1.25489255232854,2.13528739167852,1.66118649620796,0.777968578225965,NA,NA,NA
"sub-0052",1.45172294451759,0.343481998145633,0.236602996076344,2.77410009755017,3.32061892785484,1.19700761006689,NA,NA,NA
"sub-0054",2.3926170585794,1.22141818793758,0.510494641655188,2.37736029668932,1.4966409408232,0.629538965089728,NA,NA,NA
"sub-0055",1.09951746563918,1.22458573418341,1.11374832365352,2.28027241924346,2.09619919317522,0.919275774019441,NA,NA,NA
"sub-0056",2.75694945181717,2.20893944503706,0.801225950508847,1.84481862989172,2.15828711045116,1.16991831905874,NA,NA,NA
"sub-0057",1.29848905287447,1.65607072789152,1.27538289539328,1.42178979748224,0.97298291805232,0.684336685897816,NA,NA,NA
"sub-0058",1.84086487781368,1.15256833680132,0.626101541015968,1.11487030518969,2.14773613063456,NA,NA,NA,NA
"sub-0059",1.13996069951828,0.658468935592182,0.577624242546636,2.94252851404026,2.49384088091411,0.847516300696753,NA,NA,NA
"sub-0060",0.725645605430674,1.28069410054938,1.76490299254177,3.02339530070109,1.91952585696626,0.634890798606832,NA,NA,NA
"sub-0061",1.5514966666034,0.875276677111193,0.564149892134402,2.28814660212914,1.32248763051779,0.577973294756204,NA,NA,NA
"sub-0062",1.11779001457039,1.57567563429424,1.40963473796984,3.03116880308241,1.72288230446842,0.568388768951572,NA,NA,NA
"sub-0063",0.952990494891208,1.4877247671444,1.56111186325551,0.947711279607112,1.12593368980879,1.18805559671672,NA,NA,NA
"sub-0064",2.37615311395828,0.480032993913429,0.2020210697255,2.19497968431075,2.08746248841589,0.951016769465629,NA,NA,NA
"sub-0065",1.10085625518414,0.906703650443207,0.823634917068749,1.61354256005617,2.10051951106317,1.3018060775478,NA,NA,NA
"sub-0066",1.34670485955223,1.53154632879168,1.13725462407621,2.09194445530207,2.31854058218701,1.10831842418695,NA,NA,NA
"sub-0067",0.900406574123186,1.49091404082032,1.6558231399767,0.4741377085476,0.278125892826055,0.586593067398127,NA,NA,NA
"sub-0068",1.19653411112843,1.20571015793917,1.00766885517546,2.10369623924897,0.856889985800542,0.407325910373094,NA,NA,NA
"sub-0069",1.34670485955223,0.810113315092701,0.60155223273053,1.71938105418094,2.06224779954301,1.19941289019577,NA,NA,NA
"sub-0070",1.97407085180883,1.85739815321792,0.940897410807719,0.456453247736716,1.6665653404389,NA,NA,NA,NA
"sub-0071",1.62127150649713,1.0908966151648,0.672864853784892,2.28027241924346,2.07395295712009,0.909519818604909,NA,NA,NA
"sub-0072",1.79024076586569,0.839292695841143,0.468815542492295,2.28960182818623,2.30531528672518,1.00686296558009,NA,NA,NA
"sub-0073",0.979970538295479,0.888861361992173,0.907028657757633,2.45386587213135,2.10840381202868,0.859217219642645,NA,NA,NA
"sub-0074",1.00680633689987,1.33783051538606,1.32878634783475,2.72111712012146,1.62518518604318,0.59724925988141,NA,NA,NA
"sub-0075",0.931336217507672,1.05938362927468,1.13748784741742,2.11928914862295,1.54484526284491,0.728945016232779,NA,NA,NA
"sub-0076",1.20838732537393,1.24347091962297,1.02903340138741,2.41678849739356,1.62975677940799,0.674348119897805,NA,NA,NA
"sub-0077",0.68112095135351,1.03226665004602,1.51554088593916,2.3725334780758,1.56731850454329,0.660609647461931,NA,NA,NA
"sub-0078",2.01127022413748,0.641993437443446,0.319198002207168,1.90434850941267,1.74607135647314,0.916886456361737,NA,NA,NA
"sub-0079",1.08519608636838,1.64416204250263,1.51508290820034,1.73568650429533,1.70309611570336,0.981223343898037,NA,NA,NA
"sub-0080",0.892072328254844,0.609151546174083,0.682849951601753,2.28808073273951,2.62829030102956,1.14868774664376,NA,NA,NA
"sub-0081",1.05456744805856,-0.687862796925908,NA,2.15528038285132,-1.218438792941,NA,NA,NA,NA
"sub-0082",1.42803763555088,1.43028492130611,1.00157368804525,1.29387081089024,0.808637221408997,0.62497524065221,NA,NA,NA
"sub-0083",1.17642443761106,1.79194002327097,1.52320877226065,2.09272011023472,1.91319552616232,0.914214718349382,NA,NA,NA
"sub-0085",0.961842339549158,-0.156083205297863,NA,2.01765337793959,1.02409576274883,0.507567738812812,NA,NA,NA
"sub-0086",1.23077665406218,0.331695710404236,0.269501139227393,1.46800167156844,0.944336875384876,0.643280517777564,NA,NA,NA
"sub-0087",1.29931729940617,1.35203524701989,1.04057357478255,1.58495245908937,2.07519381945697,1.30930982033951,NA,NA,NA
"sub-0088",0.93612777271575,0.718023532359699,0.767014453888789,2.73316054824434,2.27865786610035,0.833708018932169,NA,NA,NA
"sub-0090",0.938383563229923,1.48803825847179,1.58574629477732,2.65524355980157,1.04634006131629,0.394065567903868,NA,NA,NA
"sub-0091",1.63312779747363,0.806311590374555,0.493722286536229,2.7725768402916,1.81785558032118,0.655655617512118,NA,NA,NA
"sub-0092",2.31944662874544,0.14540796263836,0.0626907991053924,1.97261275363703,2.1255803128722,1.07754566067422,NA,NA,NA
"sub-0093",0.749202094148613,1.34621630067722,1.79686670818379,2.72943779013711,1.42919850269683,0.523623768917274,NA,NA,NA
"sub-0094",1.03465497058572,0.484941862030873,0.46869910822189,2.66280429602473,2.96478892129089,1.1134084940891,NA,NA,NA
"sub-0095",1.63092371220485,1.38214352189488,0.847460559652026,1.89175911888171,1.22382777160655,0.646925794828465,NA,NA,NA
"sub-0096",2.27737398231156,1.73963390837738,0.763877133000194,2.28938523305809,1.56680820783292,0.684379450521759,NA,NA,NA
"sub-0097",1.7569654490294,1.18457042435224,0.674213841260582,1.256431287576,1.70145925985915,1.35420000813712,NA,NA,NA
"sub-0098",1.79774680988524,1.35329286401269,0.752771667607116,1.58773967687969,1.65473948128348,1.04219823021332,NA,NA,NA
"sub-0099",1.19857245393193,1.30575013533239,1.0894211117975,3.18555807875725,2.76447840265757,0.867816041745515,NA,NA,NA
"sub-0100",1.21583134461297,0.694575107894522,0.571275868953375,2.15767573422827,1.98793028192149,0.921329489128495,NA,NA,NA
"sub-0101",1.96459098968193,1.35731846666793,0.690891118709486,2.5580709567096,1.03830429044251,0.405893467387652,NA,NA,NA
"sub-0102",1.31824338516411,1.66256943469591,1.26120066552728,1.51167414000703,2.57602355581629,NA,NA,NA,NA
"sub-0103",0.136653928116039,0.33768131023853,NA,2.53423628418155,2.07982827217172,0.820692326581306,NA,NA,NA
"sub-0104",2.10665627915086,0.170635215647251,0.0809981283306592,1.87820631681876,0.970749721882407,0.516849354189495,NA,NA,NA
"sub-0105",2.23380445534175,1.71542043706404,0.767936706797193,2.16041583120299,1.2000998225062,0.55549482889965,NA,NA,NA
"sub-0106",2.44389493509671,1.68137467563943,0.687989754180203,1.7640995818642,0.0350413925390236,0.0198636136526907,NA,NA,NA
"sub-0107",2.19757458293484,1.37757500420609,0.626861547682425,1.75739873301029,1.47546263114749,0.839571921518422,NA,NA,NA
"sub-0108",2.41127969005656,1.32644239024213,0.550098935313065,2.29849090839118,2.29006981661145,0.996336251864653,NA,NA,NA
"sub-0109",0.806616659770549,0.476405436290108,0.590621865441791,1.48506473786313,1.63069055484477,1.09806024833044,NA,NA,NA
"sub-0110",1.39529365875365,1.46653344684323,1.05105720049872,1.19721784379649,1.31180906711417,1.09571459689767,NA,NA,NA
"sub-0111",2.05909564067463,1.03228624125443,0.501329914387182,1.75739873301029,2.12245083932856,1.20772298253167,NA,NA,NA
"sub-0112",1.02116088368552,0.96766907185958,0.947616665815787,2.61366260145962,0.735092165894329,0.281249831360716,NA,NA,NA
"sub-0113",2.27088848837528,1.28924376449568,0.567726584152124,2.11215912468762,0.727824558422881,0.344587938435047,NA,NA,NA
"sub-0114",1.69996266004137,1.73807225991867,1.02241790409465,1.77355267035231,1.76849135000124,0.997146224955323,NA,NA,NA
"sub-0115",2.21400576107582,2.03276291128318,0.91813804056925,1.2461495474859,1.4673243956958,1.17748660155285,NA,NA,NA
"sub-0116",1.38140255074425,1.07529584628904,0.778408759785273,1.88355930386467,1.27144764854582,0.675023953818221,NA,NA,NA
"sub-0117",1.57505315532134,1.47914076958988,0.939105302314771,3.00932644857225,2.20540277402538,0.732855943585552,NA,NA,NA
"sub-0118",1.06992210668984,1.92971010876252,1.80359868881738,1.73647689555298,1.70196581879564,0.980125807118009,NA,NA,NA
"sub-0119",0.61527034967361,1.63057589309221,NA,2.28875271379007,2.35394043188539,1.02848176550597,NA,NA,NA
"sub-0120",2.59430234360309,1.91998479305516,0.740077500137701,2.37615311395828,1.80029868161192,0.757652640747934,NA,NA,NA
"sub-0122",1.42491682973563,0.741418160965194,0.52032381504172,1.42701797121994,0.478110760068743,0.335041863320062,NA,NA,NA
"sub-0123",0.629632628021796,0.835456443962967,1.32689509212354,2.01337216725124,2.36441133015529,1.17435383711662,NA,NA,NA
"sub-0124",2.47576133373558,2.54783497404111,1.02911170770923,2.45565252262255,1.43010816981603,0.582373994952969,NA,NA,NA
"sub-0126",2.60977324309611,0.153317199766749,0.0587473261028841,2.04648648856813,2.53455105974656,1.23848902687841,NA,NA,NA
"sub-0127",1.48363657920585,1.14038094697358,0.768639006989164,1.05427734669,2.16513272750379,NA,NA,NA,NA
"sub-0128",1.26505984252274,0.897173963969918,0.709194880600116,1.29879952432405,0.903394081994959,0.695560835276042,NA,NA,NA
"sub-0129",1.12987060541857,1.44262805249713,1.27680819872527,1.50564898042943,2.24714501173357,1.49247602923535,NA,NA,NA
"sub-0130",1.13428055892345,1.43123382824318,1.2617987824825,2.2120635418169,2.0364347511564,0.920604093263864,NA,NA,NA
"sub-0131",1.52875646621995,1.01913041296841,0.666640132347789,2.10749342615722,2.42357355542634,1.1499791768487,NA,NA,NA
"sub-0132",0.446230168720141,0.0714847731791942,0.160197087041927,1.71938105418094,2.35543685705901,1.36993300660804,NA,NA,NA
"sub-0133",1.50607293606619,1.15067430246121,0.76402295991503,2.81998444435869,2.17736854096818,0.772120763050293,NA,NA,NA
"sub-0134",2.86880092376703,0.805219975260454,0.280681719177334,2.26780568074483,1.60332370859943,0.706993426382476,NA,NA,NA
"sub-0135",1.31027419310048,1.2340406222997,0.941818612316259,1.48325642902927,2.2956707833021,1.54772346734713,NA,NA,NA
"sub-0136",2.05909564067463,0.173297678542547,0.0841620345938707,2.89497969124516,2.36415211605888,0.81663858410075,NA,NA,NA
"sub-0137",2.34808026424214,1.05200468815252,0.448027567103659,1.96949048919463,1.67188787640844,0.848893602472849,NA,NA,NA
"sub-0138",2.25169564088393,0.900500993468302,0.399921275823405,0.889593513872913,1.49417550113793,1.6796160019568,NA,NA,NA
"sub-0139",0.76147411609304,0.937451502183764,1.23110094272623,1.66365627583128,1.51183223496218,0.90874073985431,NA,NA,NA
"sub-0140",2.19843549189937,1.29232338968913,0.587837757555766,1.96149784646822,1.73489871155293,0.884476480398239,NA,NA,NA
"sub-0142",1.75217726231002,1.53723446856059,0.877328168574646,2.71237311226723,1.89749376336627,0.699569596374662,NA,NA,NA
"sub-0143",1.59111430936765,1.21087327258645,0.761022175124353,2.79067821310732,1.61807482486914,0.579814188991527,NA,NA,NA
"sub-0144",1.73603551758862,0.233750901344608,0.134646381929612,1.40236743846911,1.54060287370302,1.09857290710116,NA,NA,NA
"sub-0145",2.04833698319898,1.53793363575149,0.750820616122269,2.15767573422827,2.49470789032412,1.15620148604785,NA,NA,NA
"sub-0146",0.581016950246295,0.449167375104076,0.773071035042391,1.25014420259446,2.14999880635029,NA,NA,NA,NA
"sub-0147",1.26709929065396,1.12709428886766,0.88950747362976,2.0763170885446,2.36424715507943,1.13867345605514,NA,NA,NA
"sub-0148",1.39834051749181,0.586221394557131,0.419226495423754,2.09074205398936,1.18220321841209,0.565446711207785,NA,NA,NA
"sub-0149",0.595740961037726,0.348999228593587,0.585823791578242,2.17459458784769,1.11642433354803,0.513394238993766,NA,NA,NA
"sub-0150",0.947799157413644,0.216795121785983,0.228735297019649,1.37818130253619,0.932881878840448,0.676893437114346,NA,NA,NA
"sub-0151",2.5581446870241,1.28153312309047,0.500961939170564,2.71369056443176,1.68768040491619,0.621913355574344,NA,NA,NA
"sub-0153",1.10212630682009,1.77124635055036,1.60711738717212,2.88556657783506,1.75610422896973,0.608582121257889,NA,NA,NA
"sub-0154",1.3994858501225,0.549214235700965,0.392440006201487,1.92550766193056,1.08920356193373,0.565670853182517,NA,NA,NA
"sub-0155",1.68286116909881,1.57202925294104,0.934140784639337,2.1155971107236,2.76576896849305,1.30732309780243,NA,NA,NA
"sub-0156",1.03643343831269,0.970888635175036,0.936759273953606,0.641801641835381,2.20278568407797,NA,NA,NA,NA
"sub-0157",1.64906039756139,0.549150788718997,0.333008293408219,2.04914758903902,1.50772697873381,0.735782520887568,NA,NA,NA
"sub-0158",1.70687034986943,0.729599747884897,0.427448838126873,1.69032855805691,1.42072220080706,0.84050061985596,NA,NA,NA
"sub-0159",2.59768274082207,1.60839236820073,0.619164281659635,0.934159138966417,1.80606092420889,NA,NA,NA,NA
"sub-0160",1.15034938037601,1.19216124328733,1.03634709908537,1.55845118133645,0.775935375903482,0.497888791895347,NA,NA,NA
"sub-0161",0.75632664691194,1.58899904814399,NA,3.10147625952588,2.27703169321819,0.734176728332034,NA,NA,NA
"sub-0162",1.6578364141833,1.33249065298348,0.803752795863101,2.11609244797255,2.83403817221515,1.33927899744195,NA,NA,NA
"sub-0163",0.746904040458817,-0.18926576532916,NA,2.33485061981026,1.43114050138731,0.612947350569099,NA,NA,NA
"sub-0164",1.99580711811726,1.13636774633123,0.569377539550622,2.0823206927192,1.35251176274205,0.649521357335152,NA,NA,NA
"sub-0165",0.256159904191937,0.737887839191784,NA,2.08806002000066,0.773364319858044,0.37037456416497,NA,NA,NA
"sub-0166",0.896038508536289,1.13339639742819,1.26489697332275,1.56540134993511,1.24128725236922,0.792951438569204,NA,NA,NA
"sub-0168",1.47472732492879,1.04720041541279,0.71009765514676,1.92568000345357,3.10741519882658,1.61367163456735,NA,NA,NA
"sub-0169",1.13428055892345,2.02955560663416,1.78928889388744,2.27713472170363,1.70421921476454,0.7484050893087,NA,NA,NA
"sub-0170",0.983701425626028,0.509647541817491,0.518091697888057,1.23467358137978,1.50448988319334,1.21853249788663,NA,NA,NA
"sub-0171",0.974061968303875,0.58854899121755,0.604221302513623,1.96900100710809,1.95335625838008,0.992054473983748,NA,NA,NA
"sub-0172",1.3994858501225,1.21839098874661,0.870599005084594,2.78083913477574,2.19852091210397,0.790596221338518,NA,NA,NA
"sub-0173",2.53963537614048,0.414931365745888,0.16338225937633,1.49878127761963,1.16171671155238,0.775107568328735,NA,NA,NA
"sub-0174",1.24899219973899,0.954581724259932,0.764281573943711,2.41409720412679,2.2862469165914,0.947040124433746,NA,NA,NA
"sub-0175",1.04991565986454,1.50948722158699,1.43772236122447,1.92188046882768,1.16035393458621,0.603759678818118,NA,NA,NA
"sub-0176",0.533549359749686,-0.0664928803240732,NA,1.97692224433309,1.06327846292646,0.537845363404848,NA,NA,NA
"sub-0177",1.17674514180528,0.762774590153322,0.648207129186126,2.58413800664652,1.29051836657125,0.499399940425772,NA,NA,NA
"sub-0179",1.04104560043867,0.429852904455773,0.41290497195766,1.66705692219464,2.00254183755517,1.20124382730667,NA,NA,NA
"sub-0180",1.88572188111743,0.769390987945591,0.408008728991187,2.14184366843926,2.36161338478239,1.10260772977109,NA,NA,NA
"sub-0181",1.21639827153697,0.826480813422504,0.67944918433517,1.88844216983689,1.98366689307832,1.05042501420611,NA,NA,NA
"sub-0182",1.52484727852331,1.00461886140784,0.658832445424126,1.99264629881236,-0.0270377844321471,NA,NA,NA,NA
"sub-0183",1.34049887131947,1.36934896834665,1.02152191071879,1.1620437621541,1.13706061186265,0.978500680348609,NA,NA,NA
"sub-0184",1.91072192930112,1.02092288422741,0.534312643075613,2.21460143504748,1.51886771118209,0.685842466795623,NA,NA,NA
"sub-0185",1.31220856196481,0.455048767179714,0.346780824610956,2.11555336703268,0.853113380586481,0.403257792443721,NA,NA,NA
"sub-0186",0.785709460741883,1.1575751458436,1.47328650561314,1.00273352693314,1.50258366836836,1.49848751239427,NA,NA,NA
"sub-0187",1.7190690851206,1.77580966305151,1.03300657223263,2.22610175228965,1.36167572678167,0.611686202295615,NA,NA,NA
"sub-0188",1.49760336804186,1.80590724983075,1.20586484269997,0.999264251001027,1.56697463626404,1.56812838515368,NA,NA,NA
"sub-0189",1.43382604183746,0.722836944847499,0.50413154996207,1.36407246842673,1.33125554186764,0.975941947866636,NA,NA,NA
"sub-0190",1.154308234726,0.599470862522516,0.51933343667501,2.89436345817336,2.0572515259756,0.710778572112688,NA,NA,NA
"sub-0192",1.06780084747189,1.29371292522669,1.21156761421351,1.59973431005023,0.650720273164351,0.406767717036661,NA,NA,NA
"sub-0193",2.88556657783506,0.630551629419873,0.218519175493415,0.891606912459839,0.35113214623664,0.393819452641869,NA,NA,NA
"sub-0194",0.176084270226913,-0.0511364768304298,NA,0.909702761567264,1.61619059532436,NA,NA,NA,NA
"sub-0197",1.36077777462393,1.02900926976262,0.756192002068084,2.15655819161431,1.50380353599079,0.69731646557847,NA,NA,NA
"sub-0198",1.3754833446553,1.45900822039906,1.06072401826479,0.738703691142627,0.950353322014752,1.28651492257301,NA,NA,NA
"sub-0199",1.13341189304614,2.05110706452895,1.80967490910691,2.33482914184918,1.76452617974206,0.755741029660339,NA,NA,NA
"sub-0200",1.11503741954457,0.860366788491756,0.771603511605166,2.19483100490413,2.07383441106119,0.944872022687583,NA,NA,NA
"sub-0202",0.978624254980318,0.904806123656068,0.924569485225221,1.97122942989322,0.722305343489981,0.366423782303772,NA,NA,NA
"sub-0203",0.99034154512219,0.940640075239871,0.949813809056969,1.2738863113425,0.987307288615702,0.775035636873448,NA,NA,NA
"sub-0204",0.917299954598449,0.634328064211109,0.691516511072747,1.62929236726668,1.19127687397933,0.731162127751098,NA,NA,NA
"sub-0205",1.19857245393193,-0.027670955546857,NA,2.35936096567708,0.971152535183843,0.411616767977318,NA,NA,NA
"sub-0206",0.959706272662833,0.203123513304313,0.211651751260018,2.04763745666359,1.92700025212974,0.941084685601322,NA,NA,NA
"sub-0207",1.23077665406218,1.83782500296767,1.49322380864305,2.44793211276942,1.83780467178453,0.750758022331497,NA,NA,NA
"sub-0208",1.31384290630587,1.4444375219586,1.09939895784034,2.29849090839118,1.89192591332169,0.823116552871609,NA,NA,NA
"sub-0209",1.15377530571996,0.834797428969245,0.723535531425098,2.15764241749333,2.26452463155552,1.04953657436266,NA,NA,NA
"sub-0210",1.48264181266023,0.310314361755075,0.209298266854011,1.31078372146818,1.62789235489774,1.24192292613641,NA,NA,NA
"sub-0211",0.987005851331828,0.663905002139559,0.672645457211537,1.97203267881264,2.34878972022543,1.19105010046772,NA,NA,NA
"sub-0212",2.04763745666359,0.930725081684457,0.454536069681484,1.90122912378013,1.66543160167491,0.875976272845857,NA,NA,NA
"sub-0213",1.54900149711645,0.424379407071767,0.273969655847185,2.4768593600487,2.1179874435727,0.855110095363287,NA,NA,NA
"sub-0216",0.840151202929887,0.483662845966674,0.575685476947459,1.7200330575305,1.39857638141874,0.813110175583901,NA,NA,NA
"sub-0217",0.723982875387945,1.45460653738597,2.00917257415311,2.11609244797255,1.30411813208652,0.616285991349769,NA,NA,NA
"sub-0218",2.57746567056035,1.33618467148474,0.51841026895006,2.10294096059475,2.24025542741816,1.06529639652108,NA,NA,NA
"sub-0219",1.41642206193089,1.45757787528972,1.0290561792738,1.01795390779759,1.57707215291203,1.54925693671547,NA,NA,NA
"sub-0220",1.15034938037601,0.406710886878644,0.353554227799649,2.23036790576646,2.24949181793113,1.00857433077082,NA,NA,NA
"sub-0221",0.331465726504499,0.829961626290777,NA,3.0270092607739,0.911134080138462,0.301001418114432,NA,NA,NA
"sub-0222",1.0787410673843,1.5932072561334,1.47691350992742,2.79222663965367,2.75546181163305,0.986833150469054,NA,NA,NA
"sub-0223",0.278107191135154,1.70012942575498,NA,1.80853468719914,1.6375735294141,0.905469793311067,NA,NA,NA
"sub-0224",0.831800434806252,1.052378287247,1.26518121800709,2.44987645909455,1.6517205035471,0.674205630824977,NA,NA,NA
"sub-0225",0.949516121709458,0.537743420252899,0.566334165327045,2.3725334780758,3.08463354731265,1.30014331760426,NA,NA,NA
"sub-0226",1.4910442074638,1.38089475725917,0.926125966183129,2.59453304451797,2.29690407892032,0.885286114884326,NA,NA,NA
"sub-0227",2.21317566140223,1.96569637742267,0.888179104670453,1.03349142985781,1.2364844895611,1.19641484567629,NA,NA,NA
"sub-0228",1.39318074057507,2.73801233329591,1.96529585397924,0.194028142423926,1.04769729319709,NA,NA,NA,NA
"sub-0229",0.967421566101701,1.85138512768679,1.91373150295489,2.28960182818623,1.56705600435563,0.684422935492246,NA,NA,NA
"sub-0230",1.60010107431077,1.02747986041277,0.642134348203817,0.905999034005714,1.01127964237913,1.11620388590034,NA,NA,NA
"sub-0231",1.34670485955223,0.987327354858421,0.733143084659766,2.65825397181657,1.34261984529185,0.505075835313939,NA,NA,NA
"sub-0232",1.95292126843532,0.919791889584106,0.470982575923834,2.55323234942128,1.8755610994172,0.734583008022095,NA,NA,NA
"sub-0233",0.702102205880063,1.29260405432618,1.8410482740272,1.84267175023322,2.31681871197514,1.25731493505662,NA,NA,NA
"sub-0234",0.814756306215009,1.670379625203,NA,2.35069460341282,2.79428086486235,1.18870433479769,NA,NA,NA
"sub-0235",1.284436944368,1.60534039782993,1.24983978767431,0.836905239486776,1.38960184391549,1.66040523867153,NA,NA,NA
"sub-0236",1.23077665406218,1.80639454623457,1.46768671657247,2.4782122127976,1.40811479134025,0.568197825863613,NA,NA,NA
"sub-0237",2.13945199915384,0.197778675745702,0.092443614450768,2.19413261660396,1.7544205988791,0.799596426215364,NA,NA,NA
"sub-0238",1.90923419797449,2.11049437293195,1.10541408443814,2.77570647416551,1.46991795388555,0.529565344018397,NA,NA,NA
"sub-0239",0.665570111410263,0.147410481531269,0.221480019916946,2.46331462587315,1.41492324060981,0.574398099921267,NA,NA,NA
"sub-0240",1.23077665406218,1.3460313274723,1.09364385733977,0.879864982129812,0.647513107582929,0.735923261789042,NA,NA,NA
"sub-0241",1.4181026181255,0.859320563424398,0.605965007356292,2.96179961301864,1.55037494430664,0.523457068969805,NA,NA,NA
"sub-0243",0.759274607345241,0.911115063575283,1.19998094860691,2.48226023732827,1.89571862109248,0.76370663824229,NA,NA,NA
"sub-0244",1.43642763453267,1.91629340069104,1.3340688765811,2.3735437225048,1.99594567253874,0.840913800581866,NA,NA,NA
"sub-0245",1.33114622869353,1.65196821645541,1.24101182938914,0.900888548273227,1.3784244217424,1.53007208759007,NA,NA,NA
"sub-0246",2.09074205398936,1.49681524193704,0.715925352475193,2.22116858699532,1.73961251126545,0.783196971833059,NA,NA,NA
"sub-0247",1.94323223249782,0.270715022079206,0.139311718667424,1.606820252378,1.3957800925262,0.868659758588757,NA,NA,NA
"sub-0248",2.22983879622817,1.22921246813402,0.551256203010399,2.04763745666359,1.76412024619744,0.861539351341956,NA,NA,NA
"sub-0250",2.15800828921742,1.33467437313071,0.618475091036242,2.17883964183218,2.7530284515105,1.26352963231176,NA,NA,NA
"sub-0251",1.42146206786625,1.52934153681584,1.07589331533238,2.00966830793411,1.79132125839694,0.891351697852258,NA,NA,NA
"sub-0252",2.8340996290528,1.23716647822611,0.436528929873787,2.27775988877977,2.25345631173938,0.989330053110469,NA,NA,NA
"sub-0253",1.27252546966768,1.56069710315994,1.2264564760087,2.25031910920514,1.50895983723592,0.670553714388054,NA,NA,NA
"sub-0254",1.33054084165359,0.459991147925197,0.345717420709554,1.63457815807578,2.15430714102788,1.31795908955734,NA,NA,NA
"sub-0255",1.21550267438364,1.45184930903406,1.19444353322403,0.994868038670206,1.88836228166353,NA,NA,NA,NA
"sub-0256",1.23071965080778,0.813626575191755,0.661098223838171,2.28676399814977,0.546863487204322,0.239142949445938,NA,NA,NA
"sub-0263",NA,NA,NA,NA,NA,NA,1.70752848150507,1.26879573697007,0.743059779507579
"sub-0264",NA,NA,NA,NA,NA,NA,1.55710335070637,2.13998532856207,1.37433737304032
"sub-0266",NA,NA,NA,NA,NA,NA,0.953379837850629,1.15574852468784,1.21226449186659
"sub-0267",NA,NA,NA,NA,NA,NA,1.90225342064592,1.69149996519499,0.889208528599009
"sub-0268",NA,NA,NA,NA,NA,NA,1.57463823662778,2.28436360552622,1.45072280882647
"sub-0269",NA,NA,NA,NA,NA,NA,1.41439291319165,0.919171619703452,0.649870068727433
"sub-0270",NA,NA,NA,NA,NA,NA,1.60742526769607,1.58648781122428,0.986974538168233
"sub-0271",NA,NA,NA,NA,NA,NA,1.56383850878052,1.40008761671598,0.895289129187495
"sub-0273",NA,NA,NA,NA,NA,NA,1.50828429744414,2.03527599573852,1.34939812022666
"sub-0274",NA,NA,NA,NA,NA,NA,1.83631317936933,1.59326727983185,0.8676446358562
"sub-0276",NA,NA,NA,NA,NA,NA,1.74491834499642,1.55752508051675,0.892606284404638
"sub-0277",NA,NA,NA,NA,NA,NA,1.47267433458923,0.946310980019917,0.642579936238155
"sub-0278",NA,NA,NA,NA,NA,NA,1.79697480439993,0.966679028320927,0.537948014604319
"sub-0279",NA,NA,NA,NA,NA,NA,1.71354858352274,1.840435178576,1.07404902100435
"sub-0280",NA,NA,NA,NA,NA,NA,1.66062320596581,1.66076368045466,1.00008459142829
"sub-0282",NA,NA,NA,NA,NA,NA,1.64829393198374,1.15987050848169,0.703679414196334
"sub-0287",NA,NA,NA,NA,NA,NA,1.7716878026112,0.744939766297537,0.420468981724436
"sub-0288",NA,NA,NA,NA,NA,NA,1.76754605173343,2.22674142686836,1.25979259475848
"sub-0291",NA,NA,NA,NA,NA,NA,1.90225342064592,2.18282748411776,1.14749562830412
"sub-0292",NA,NA,NA,NA,NA,NA,1.59705096841895,1.8147621979378,1.1363207773728
"sub-0293",NA,NA,NA,NA,NA,NA,1.48147613824368,1.0083707533725,0.680652713426716
"sub-0294",NA,NA,NA,NA,NA,NA,2.37494374804696,2.6172831198558,1.10204004705717
"sub-0295",NA,NA,NA,NA,NA,NA,1.82912341369801,1.65289786220105,0.903655734666542
"sub-0296",2.34641220234023,0.40804157386401,0.173900209629426,1.82370379678483,0.785125682081345,0.430511623359843,1.67377920687971,1.20784610315522,0.721628096579661
"sub-0297",1.6763162195652,1.39355280372375,0.831318570720032,2.09201431282438,1.70245146752908,0.813785764797489,1.65948172709958,1.23293409469905,0.742963344859454
"sub-0298",1.45878408418396,1.31018437033452,0.898134538578706,0.83510871382553,0.0104012093825328,0.0124549165998833,1.70752848150507,1.98650333830307,1.16337932855568
"sub-0299",-1.15034938037601,-1.04021974052605,0.904264181188188,1.78171864876072,1.04333677006038,0.585578857125439,1.03455121083874,1.1088243730037,1.07179263953956
"sub-0300",0.720080598434935,0.798325257416242,1.1086609737179,1.73028213169082,1.04991525673155,0.606788475417927,1.87406617900441,1.45371627004559,0.775701672828796
"sub-0301",1.13442485751125,0.878216341730028,0.774151179705899,1.83774039207212,1.38255197457557,0.752310816337174,0.584000301850094,0.528128474368872,0.90432911198124
"sub-0303",-0.0424980140061692,-0.139478068973624,NA,1.89950106205359,1.236251667238,0.650829679400896,1.65111782484212,1.53124793061473,0.927400763032253
"sub-0304",1.17171224185277,1.16518493161315,0.994429254891715,-0.266994125404953,-0.26807036788563,1.00403095940424,0.76409989400999,0.416194851278296,0.544686440269097
"sub-0305",0.54668701411833,0.678501902854756,1.24111582190956,1.88587887706752,1.63653435773517,0.867783386110104,NA,NA,NA
"sub-0306",0.975097907853999,0.993256780375577,1.018622614586,1.99944743908906,1.52891968381368,0.764671105588179,1.74491834499642,1.6382378325639,0.938862174990347
"sub-0307",-0.0627067779432138,0.378234630460302,NA,2.02194427645825,0.889600295376424,0.439972706337237,1.48583033550313,1.02758291053622,0.691588323365506
"sub-0309",2.24715294246952,1.14679311514738,0.510331581564318,2.07319017328798,1.30733288213011,0.630589947306543,1.61338832186977,2.07288932242406,1.28480496252866
"sub-0310",2.11832792760381,1.61205719649415,0.761004552452679,1.99473250631112,0.957485385553811,0.480006909460005,1.52712479026247,1.42543922325988,0.933413714680705
"sub-0311",0.831800434806252,0.600632738974794,0.722087551101962,2.13896773740446,1.89454507799819,0.885728683452295,1.95790811156228,1.76502968050276,0.90148749580203
"sub-0312",0.93400266309234,1.48372407795354,1.58856514717117,1.76094777298615,1.81641315177722,1.03149745815403,NA,NA,NA
"sub-0313",1.43375970731161,0.314751323495795,0.219528643391697,1.98265878834053,0.787444686583399,0.397166013241483,NA,NA,NA
"sub-0314",2.36608357296042,0.953890685763029,0.40315172999977,1.8450096239895,1.66455565950552,0.902193483363094,1.44635719165606,1.15170255998912,0.796278102417039
"sub-0315",1.71458895839167,1.68489652882617,0.982682479424488,2.09384761798017,2.02164322560178,0.965515927826666,1.5919536513298,1.39687565168539,0.877460000495956
"sub-0317",1.72444281418904,-0.117681563470171,NA,2.13859792798244,2.27511734545633,1.06383594395543,1.53788679490664,1.50675028907706,0.979753707533803
"sub-0318",-0.0208900882468884,-0.0690689070708814,NA,0.362570695375756,1.72471415944152,NA,1.96326580639726,1.41082028843463,0.718608903510416
"sub-0319",1.78026398066066,0.853048118795493,0.479169453554256,1.58279274534351,1.28224370702763,0.810114723358396,1.42740928182052,1.7746770198739,1.24328532991636
"sub-0320",1.67648459970151,1.06393963586162,0.634625355968703,1.68587434600981,1.38243863565922,0.820012855009759,1.75799488768923,1.38859832813369,0.789876203769236
"sub-0321",1.38367915137962,-0.0412828237486206,NA,1.73278560197423,2.22602840306198,1.28465310453052,1.39082108909755,1.03153940984548,0.741676566404965
"sub-0323",1.33415408321375,1.0680260510872,0.800526764130954,1.90949734109748,1.64831768564509,0.863220728392178,1.76297115571279,1.8648708789536,1.05779999457768
"sub-0324",1.32434853873466,0.733904790130633,0.554162872284237,2.1364766907755,1.40550355410203,0.657860467268596,NA,NA,NA
"sub-0327",2.00347387031484,1.16609163012583,0.582034858254771,1.73166275271926,2.02274419630745,1.16809361010456,1.5919536513298,1.63933504685487,1.0297630496249
"sub-0328",-0.0627067779432138,-0.45640473047703,NA,1.98265878834053,1.97445482545848,0.995862140812985,1.75812166413663,1.88400591274176,1.07160155703271
"sub-0329",-0.0648720657046017,-0.00995187980861686,0.153407783466203,1.81570678547753,1.85954649529045,1.02414470781492,NA,NA,NA
"sub-0331",2.22920970971171,1.60920261218077,0.721871345333801,1.97869300039094,1.42525573134777,0.72030159861392,1.84555527806841,1.67433731908174,0.907226859568319
"sub-0332",0.759562706825064,0.760209184972145,1.00085111886257,1.76811708209729,1.32441060075042,0.749051414162824,1.29019882309178,2.16179668915713,NA
"sub-0333",1.69845611125707,1.19097293602787,0.701209132302159,1.71092313968987,2.01568595461257,1.17812770653037,1.62345728989001,1.22810862282602,0.756477321869814
"sub-0334",-0.0208900882468884,-0.204337981103861,NA,1.80546958328773,1.44845619541221,0.802260092786827,1.76004000366357,1.65925605508307,0.942737694387217
"sub-0335",-0.0216105463961118,0.182187776836603,NA,1.01045013473072,0.766358886254795,0.758433157573899,1.62345728989001,1.49840358619744,0.922970746153079
"sub-0336",NA,NA,NA,NA,NA,NA,1.24134338190564,2.42280016396757,NA
"sub-0337",-0.0880655697240946,-0.0580793585368947,0.659501309295502,1.96014902013025,1.90391486154141,0.971311283983347,NA,NA,NA
"sub-0339",1.69167680990869,0.624557385602091,0.369194270409017,1.86694426769919,1.30955211819731,0.701441462851592,NA,NA,NA
"sub-0340",0.631991736189912,0.0476644020375512,0.0754193438112111,1.85532570167938,1.23467620087492,0.665476794590476,NA,NA,NA
"sub-0341",1.4870026130079,1.06290063478145,0.714794059864775,1.96014902013025,1.3622931769037,0.694994698317979,1.55710335070637,1.30459442672992,0.837834191377279
"sub-0342",1.6460263789825,1.15251450480183,0.700179851014457,2.11130230787761,1.13678754123824,0.538429545118526,1.18790361910375,0.91525175009323,0.770476438807192
"sub-0343",0.491167853623742,-1.29499069845609,NA,2.1842718946933,0.673841341070891,0.308497006580541,1.7456263442408,1.43925978035793,0.824494763788574
"sub-0344",2.18749715532408,1.4257420207491,0.65176862848897,2.19758330328298,0.932913304702787,0.424517834345167,1.59826392837918,1.99116871129141,1.24583222829203
"sub-0345",2.31743847814553,0.696006695389522,0.300334486526039,2.49551601455265,0.526843087836689,0.211115891368516,1.71285659163083,1.91740623448783,1.11942018021617
"sub-0346",2.85754878022051,1.23950828282481,0.433766272479576,2.02128878495849,1.12192430719383,0.555053941595423,1.56065330807105,1.36802274246844,0.876570558876587
"sub-0348",2.25649571956148,0.919939733188483,0.407685122206774,0.993129114160457,-0.251100458317692,NA,1.60742526769607,1.76731326359638,1.09946838532001
"sub-0349",0.585837845649729,1.07031987100541,1.82698997504739,2.11394895653407,1.31939769657326,0.624138862244092,NA,NA,NA
"sub-0350",2.11140531832333,0.454207375026078,0.215120882326263,0.590187723864922,1.11844780572499,NA,NA,NA,NA
"sub-0351",1.23590688388525,0.183688886541307,0.148626801044957,1.84091460387616,0.9872412741002,0.536277604632776,0.831533122141685,0.235586745025675,0.283316128669536
"sub-0352",1.84057420204315,1.29152489036548,0.701696725365273,2.01335913460636,1.69524244763944,0.841997047869396,1.83868518985014,1.6051862773286,0.873007672106951
"sub-0353",0.041103838195112,0.285005102010613,NA,1.9819203118858,1.72993951459711,0.872860278096178,1.71366206577639,1.40548239923113,0.820163104091566
"sub-0354",1.73089402081434,1.17923879976556,0.681288851648327,1.73324566984926,1.53839424916545,0.887580033186662,NA,NA,NA
"sub-0355",1.80263339547485,0.733196293800136,0.406736220265685,2.22896039978914,1.40557627178374,0.630597238029311,1.53788679490664,1.91335402046896,1.24414490507744
"sub-0356",2.11777094647771,1.20212624587269,0.567637519001794,1.86101594243005,1.62124084183126,0.871159029252749,NA,NA,NA
"sub-0357",0.782745146195036,0.221546907903291,0.283038366932381,1.42556982516022,1.07374824409904,0.753206349593125,1.69459642800672,1.61998843649237,0.955973003199285
"sub-0358",1.9348431322034,0.762233933394516,0.393951282513783,1.85265802877113,1.10459059147634,0.596219363920616,0.801069058098919,0.931437121979669,1.16274260322841
"sub-0359",1.54676698208258,0.411749876594476,0.266200327110742,1.86122219728119,1.20155306423737,0.645572068715145,1.63876135386916,1.80969813565713,1.10430852630517
"sub-0360",2.31258820027834,0.118545867154213,0.0512611225552154,1.48359058799734,0.733704237038036,0.494546300693673,1.52712479026247,1.40574435932847,0.920517018839611
"sub-0361",1.70967859664997,0.934310559070832,0.546483158238962,1.84951654794491,0.922333674340855,0.498689063023365,NA,NA,NA
"sub-0362",1.27601072723108,1.63925355915875,1.2846706725702,0.674489750196082,1.23287699270476,NA,1.41816433621929,1.02040856671568,0.719527730781901
"sub-0363",2.0226507249262,1.14352957902884,0.565361861510007,1.84397443161387,3.09168291719854,1.67664088188721,1.7699592401857,1.69719011400923,0.958886552568954
"sub-0364",2.42693999949174,4.0108366639779,1.65263115891529,1.91978225302214,1.48848747000162,0.775341822052176,1.77990252270638,1.88747993321887,1.06044005732905
"sub-0366",-0.108255395998955,-0.267529170995803,NA,1.68053088388653,0.976440988067144,0.581031266625071,1.54499450901544,1.25799516578721,0.814239247095364
"sub-0367",1.70694243297068,1.3324304579921,0.780594841545536,1.96167794934794,2.39440556842262,1.22059055066532,1.71366206577639,1.6084211043546,0.938587097465969
"sub-0368",2.24435750500069,1.87234196132017,0.834244079719193,1.84951654794491,1.17208817506984,0.633726784641208,1.01213102537296,1.98642502960096,NA
"sub-0369",1.95894804077903,1.35920271525247,0.693843168352716,2.09201431282438,1.12985871548052,0.540081732975871,1.65111782484212,1.55645505181079,0.942667463455933
"sub-0371",1.6804981168048,0.617176630000405,0.367258150323826,2.40969521082336,3.03046292391709,1.2576125438211,1.55576691750483,0.67494811565429,0.433836269469455
"sub-0372",1.28943402955559,0.857413799611874,0.664953599764533,1.87486376386837,0.970675112720333,0.517731011408293,NA,NA,NA
"sub-0373",1.74454893860047,-0.118821974929135,NA,2.13859792798244,1.15238863061653,0.538852402098649,1.69459642800672,1.78203051392643,1.0515958162514
"sub-0374",1.89669359916823,0.741590771311039,0.390991339685153,1.8504891197083,1.20181651687028,0.649458839865932,1.74491834499642,1.63346393446309,0.936126288744149
"sub-0375",1.49442015129808,1.04242623001296,0.697545619354429,1.73324566984926,0.337199212351716,0.19454784640024,1.72286874934898,1.30063130611721,0.754921874698046
"sub-0376",-0.124182293632136,0.303483034724586,NA,1.92055746225148,2.09847620988837,1.09263911709692,1.24504623877406,1.4319439352905,1.1501130566046
"sub-0377",-0.170767252313989,0.203754080115549,NA,2.32837506464359,2.1972552481696,0.943686127520842,1.81754805837928,1.62063104667823,0.89165787897975
"sub-0378",0.104633455614075,0.889398176057963,NA,0.146744955486549,-0.628454858090081,NA,0.897401383984438,1.89079140015125,NA
"sub-0379",1.60601461184159,1.21957871988624,0.759382082139196,1.52560608342748,0.992397295667002,0.650493798135263,1.60742526769607,1.8917794697072,1.17690041815673
"sub-0380",1.63475764125479,0.385994884414524,0.236117498198844,2.17567751238204,1.34274890073395,0.617163570010818,1.525423335844,1.53880425279329,1.00877193670431
"sub-0381",1.4742708322925,1.28630159269998,0.872500197741663,2.02232704988679,1.42709190311314,0.705668206926779,1.3866893652512,-0.0433979736833431,NA
"sub-0382",0.355850386231707,-0.593472482531284,NA,1.73324566984926,2.22895537615995,1.28600083354242,1.65759300447623,0.865051750837823,0.521872225873182
"sub-0383",2.11777094647771,1.16992553602333,0.552432517770232,2.06904204171761,1.66853652601611,0.806429493637054,0.897401383984438,0.783025421172282,0.872547597035866
"sub-0384",2.00205704950816,2.16925249139723,1.08351182696324,2.11396692256521,1.98694719491963,0.939914042036454,1.34123178004383,1.03514116921073,0.771783956071265
"sub-0385",-0.202807220232206,-1.69783575986119,NA,2.0239185149911,1.37993528677321,0.681813658283213,1.55710335070637,1.3541980838595,0.869690559233063
"sub-0387",0.886369849926494,-0.0951588140003893,NA,2.15546856709838,1.05132895887813,0.487749612741231,1.25453590683227,0.563382586790342,0.449076494121952
"sub-0388",2.09455096332526,0.759131180726483,0.362431468137354,1.67858984016066,2.26784235833443,1.35104020295832,1.5105312958781,1.43626378068286,0.950833514407876
"sub-0389",2.11659629663635,1.08362155322579,0.511964211100555,2.18124290835744,1.06384942580829,0.487726250814226,1.90570383359136,1.13233930122063,0.594184301495946
"sub-0390",0.805293943091134,0.608513964086416,0.755642047611367,1.77303555591629,1.06322072307809,0.599661253002128,NA,NA,NA
"sub-0391",1.06745305337026,0.66810313798895,0.625885265754363,2.09039984936592,2.06409054977446,0.987414226230723,1.81673228132025,1.70321301220365,0.937514585784704
"sub-0392",0.60961768449148,-0.22488415016149,NA,1.98321514579483,1.94720699510559,0.981843547955152,1.48583033550313,0.705859045556426,0.475060327340409
"sub-0393",1.5150478998055,0.612748661110695,0.404441774540171,1.80263339547485,1.60309550232094,0.889307557679334,1.40018042521513,1.56138400002586,1.11513057310879
"sub-0394",1.92243351057433,1.35934193710339,0.707094383044374,1.84658928454627,1.44386490207941,0.781909065628627,1.37535282241701,1.3078293127758,0.95090459077799
"sub-0395",1.99935721380147,1.14330427006107,0.571835919148862,1.96014902013025,1.75762020348555,0.896676826830624,1.525423335844,0.487494051283744,0.319579515947303
"sub-0396",1.96128050208515,1.86034603794811,0.948536446454382,2.27041119403079,1.9501227184791,0.858929309195722,1.65759300447623,2.20451392062443,1.3299488563666
"sub-0397",NA,NA,NA,NA,NA,NA,1.53788679490664,1.55837791874086,1.01332420819405
"sub-0398",-0.340694827087795,0.196730353452066,NA,1.80263339547485,2.80004306482173,1.55330699622601,1.86495527060646,1.96941162312732,1.05601011143119
"sub-0399",-0.554922942702654,0.458967826750671,NA,2.39227153580791,1.78727585030837,0.747104090633582,1.60742526769607,1.57078984665396,0.977208631854705
"sub-0402",2.29194839047768,1.52135276701817,0.663781424284642,1.24419143747514,0.560883165782291,0.45080133883617,1.3867055754645,1.26650913292728,0.913322305279577
"sub-0403",1.07439484783297,0.636779974183416,0.592687107042433,2.35567447248818,1.83235711944834,0.777848187790107,NA,NA,NA
"sub-0404",-0.146744955486549,0.287018898269849,NA,1.84099070071679,0.957967569052587,0.520354376955626,1.40018042521513,1.26131732770511,0.900824854419255
"sub-0405",1.84658928454627,0.966874531772136,0.523600207075667,1.32862953321396,0.266444251188934,0.200540665797489,1.27621185216508,1.09659879357888,0.859260781600256
"sub-0406",0.94581101970559,0.596458949057586,0.630632268635706,2.58109040976211,1.63593402282443,0.633815079331224,1.73278560197423,1.830901236122,1.05662306637127
"sub-0408",2.66595736890456,0.858088260219495,0.321868710365793,2.13259355086045,1.59012537240493,0.745629832634233,NA,NA,NA
"sub-0409",1.60721257001113,-0.0156279061686158,NA,1.75206562446541,0.600049277724406,0.34248105170575,1.65759300447623,1.24719205712715,0.75241151100372
"sub-0410",NA,NA,NA,NA,NA,NA,1.77990252270638,1.39645452064296,0.784567976520209
"sub-0411",1.71172123505472,0.694130536329477,0.405516109816379,1.73278560197423,2.41880346163596,1.39590463983549,NA,NA,NA
"sub-0412",1.70967859664997,1.54015200342148,0.900843004316327,1.50500062840148,1.74030124852668,1.15634586171244,1.70752848150507,1.37421124022164,0.804795501279352
"sub-0413",2.13859792798244,0.811268254209453,0.37934585253003,2.53441384080524,1.68621430308675,0.665327136372883,1.31347469628589,1.31193441874534,0.998827326065052
"sub-0414",-0.0208900882468884,0.855368030071495,NA,2.19758330328298,1.46559869590675,0.666913829258391,1.60742526769607,1.05777307217482,0.658054276881516
"sub-0415",1.90798431216477,1.97282937042024,1.03398615902764,2.11374936885248,1.51659022596429,0.717488198133736,1.7300364081087,0.985039156212288,0.569374812920352
"sub-0416",2.10381872321329,1.77875230550253,0.845487439519376,1.8504891197083,1.19229767288049,0.644314878797253,1.52712479026247,1.68986424566332,1.10656591814797
"sub-0417",-0.258143324420895,-0.658800423640588,NA,1.96167794934794,1.4887532946507,0.758918300093834,1.40771981810992,1.67827207630241,1.19219183726187
"sub-0419",-0.104633455614075,0.229259654193117,NA,2.25649571956148,1.63051695521198,0.722588100246366,NA,NA,NA
"sub-0420",1.66601622487341,0.298422083266151,0.179123155471565,1.86495527060646,1.65063913399089,0.885082425303489,NA,NA,NA
"sub-0421",0.803819877328331,0.696567445789216,0.866571560912885,1.93974330563825,0.829874062407115,0.427826743876326,NA,NA,NA
"sub-0422",-0.23183436245301,-1.12688730116322,NA,1.98025035868414,1.32359556450231,0.668398093553091,NA,NA,NA
"sub-0424",1.99277021710162,1.79540006373978,0.900956893239349,1.86509560929242,1.71883488559304,0.921580039666243,0.941197274979413,0.9345734703626,0.992962363159245
"sub-0425",1.47558427947803,1.26544010836463,0.857585788872906,2.10220125404731,1.70488021853284,0.810997622254522,NA,NA,NA
"sub-0426",1.82122779173233,0.561576801329349,0.30835066534713,1.58880343519655,1.80594002925868,1.13666674508119,1.64577737474449,1.12199410080796,0.681741113971836
"sub-0427",2.11832792760381,1.43483859061689,0.67734488693634,2.09201431282438,2.04055658855153,0.975402785747015,1.72583566628322,1.82802036325984,1.05920882212191
"sub-0428",1.72832242126861,1.7464980076278,1.01051631694152,1.42729562144096,1.09222502923667,0.765240930350496,1.59705096841895,1.64092824453927,1.0274739360158
"sub-0429",-0.169523848569265,0.174973560305324,NA,1.70784906274159,1.94727102871385,1.14018918369046,1.5435372122318,1.42550793666556,0.923533249065255
"sub-0430",0.230294802469149,-0.0454625519953901,NA,2.07399075397896,1.19727971673837,0.577283054151222,0.849887937619127,0.638529220213277,0.751309898575629
"sub-0431",1.38568438634142,1.68465748641981,1.21575843895287,1.96128050208515,2.43619452974031,1.24214487787456,1.71366206577639,1.67395375553718,0.976828389311856
"sub-0432",1.82797935149802,2.17202761632618,1.18821233650491,1.76173455655281,0.865871258824554,0.491487923424064,1.80755345002889,2.2575005807006,1.24892604457396
"sub-0433",2.27172165969014,1.34946936332214,0.594029359875982,1.65987339652508,1.42312879515668,0.857371892420213,1.64577737474449,1.42477860961347,0.865717703668559
"sub-0434",2.0239185149911,1.64176297636403,0.811180373223305,1.59973431005023,1.8394983891617,1.14987743752519,0.72655810490941,0.524674859405424,0.722137508149939
"sub-0435",2.08833003677084,1.62610983720632,0.778665157601598,1.73174238690846,1.22567556259247,0.70777014633254,0.84730589072692,0.294751816450089,0.347869429064415
"sub-0436",2.20797956079655,1.33313634002717,0.603781105449285,2.22362734054038,0.881804849656737,0.396561435263898,0.860432393637529,0.81712538212397,0.949668315798205
"sub-0437",0.716987764202251,0.372461778956203,0.519481360146528,2.04175246437436,1.36399388713282,0.668050564861584,NA,NA,NA
"sub-0438",1.66490919787443,1.44122242769012,0.865646264390943,2.43695270236305,1.03835875973469,0.426089008099265,NA,NA,NA
"sub-0439",0.988591966280774,0.622600120915964,0.629784726309557,2.60034828911646,2.40576840908071,0.925171608414863,1.64577737474449,2.0787117042112,1.26305765051237
"sub-0440",-0.132312852276171,-0.875942307128972,NA,2.09384761798017,1.3933899752265,0.665468663173604,0.876341503887566,0.874793798955562,0.998233902051725
"sub-0442",2.13391446144397,0.584170883177087,0.273755529442259,1.73901312927647,1.28145174117112,0.736884454520637,1.85473997428061,1.83139249001324,0.987411990580282
"sub-0443",1.95789042249608,0.503154802213954,0.256988234087426,1.63921720984212,1.63327462257334,0.996374740801221,1.29279798099871,0.856871364585632,0.662803761438184
"sub-0445",-0.104633455614075,-0.3608886233344,NA,1.86495527060646,1.99242262892461,1.06834874826606,1.71354858352274,1.63116659966609,0.951923170052587
"sub-0446",-0.085072956628982,-0.131313946566885,1.54354511433719,1.96167794934794,1.41070538843979,0.719132000698026,1.03112303825715,1.16446743514846,1.12931957869615
"sub-0447",1.84611105951343,1.2356855171992,0.669345167958035,1.82203978790418,2.0707107223163,1.13647942051702,1.5919536513298,1.44465914027798,0.90747562849661
"sub-0448",2.60227119332992,1.68162223690633,0.646213292917597,2.2201731016959,1.34139902372177,0.604186683775753,NA,NA,NA
"sub-0449",-0.183321896572339,0.659141439484903,NA,2.05461672397558,2.15281824987127,1.04779554490614,NA,NA,NA
"sub-0450",0,0.155632773209107,NA,1.73901312927647,1.24196934696934,0.714180546460899,1.45646443945494,0.922421990780827,0.633329565619901
"sub-0451",-0.0208900882468884,0.372950498871159,NA,1.96167794934794,2.07783669767289,1.05921397463001,NA,NA,NA
"sub-0452",1.35123648586306,0.425916878094703,0.315205282384499,1.73324566984926,1.88550555364908,1.0878466835074,1.33027870858825,1.22020250062974,0.917253273883244
"sub-0453",1.81570678547753,1.31042776171649,0.721717720172448,1.597722420008,1.1134496385475,0.696898049751298,1.53788679490664,1.26493305975894,0.822513766259193
"sub-0454",1.68623516703364,0.921596965062264,0.546541184218986,2.22824956117518,0.647315747589451,0.290504151271124,NA,NA,NA
"sub-0455",1.95604131574068,1.54538825328228,0.790059106035343,2.24715294246952,0.995583587463407,0.443042201822411,1.62345728989001,1.56760722662751,0.965598070481868
"sub-0457",1.70891807456525,0.501680983422862,0.293566432990354,2.30823868695479,1.64048523748499,0.710708665770284,NA,NA,NA
"sub-0458",1.70501451995196,1.70104725098285,0.997673175845317,1.60230599345929,1.52426429724843,0.951294136994159,NA,NA,NA
"sub-0459",-0.0912767051918666,-0.997784831626142,NA,1.80546958328773,1.72192152850833,0.953725027797332,NA,NA,NA
"sub-0460",0.586424180471987,0.543834125378893,0.9273732964783,0.5894167935671,0.0504270325258162,0.0855541156549615,0.672331075442166,0.249096196921152,0.370496331375626
"sub-0461",1.07549574287221,0.716784749660683,0.666469164951264,2.09201431282438,0.863160460958005,0.412597779884532,1.43550841851343,1.52958446439967,1.0655350011696
"sub-0463",2.07281628365628,0.925087315392863,0.446294890042587,2.00092410694983,1.6155723228226,0.80741309338581,1.53554299466685,0.976512469612902,0.635939516512702
"sub-0464",1.96014902013025,1.81705062773961,0.926996166658223,1.98025035868414,2.71756808486223,1.37233561046696,0.584000301850094,0.00221246850391749,NA
"sub-0466",0.0208900882468886,-0.55082537196859,NA,1.66198844081607,1.60094428570305,0.963270409339888,1.33237629261015,1.52281570891723,1.14293215615088
"sub-0467",0,-0.841983162222378,NA,2.11659629663635,1.72119687597035,0.813190913499016,1.72286874934898,1.69934598762332,0.98634674769361
"sub-0469",0.993038695765837,0.109964568906708,0.110735431937929,1.73166275271926,1.64979616153376,0.952723709592445,1.33027870858825,1.27068267925871,0.955200343398125
"sub-0470",1.66533605222858,1.54496989215645,0.92772259994549,1.70967859664997,1.85530010108867,1.08517478356695,1.60742526769607,1.38791386754215,0.863439125559757
"sub-0471",1.92830788205313,0.378632570003691,0.196354831885327,1.9819203118858,2.00858749580998,1.01345522509873,NA,NA,NA
"sub-0472",1.71352409976574,0.901007191941669,0.525821137890531,2.01877317304142,1.66503749756927,0.824776908968321,1.53788679490664,1.89134002778875,1.22983046219834
"sub-0474",0.932226386358084,0.369292219318471,0.39614006288878,2.00205704950816,2.19809683146627,1.09791917867988,1.85473997428061,1.60473567690919,0.865207899307616
"sub-0475",0.0671923547102274,0.155334976398367,NA,1.84951654794491,1.22769214580797,0.663790841542952,1.64836430799275,1.62633409565949,0.986635107162635
"sub-0476",1.53491871300398,0.875395201866893,0.570320235495509,1.84951654794491,1.19412693557548,0.645642742100541,1.70752848150507,1.5980222501377,0.935868576979259
"sub-0477",1.25326244098287,0.945377088925335,0.754332897891623,2.40304830260274,1.02546091012008,0.426733374027231,NA,NA,NA
"sub-0478",2.40189851092503,0.752284474197935,0.31320410532592,1.73324566984926,1.64614792041138,0.949748756940232,1.72286874934898,1.23700718208588,0.717992698255926
"sub-0479",0.653599661949193,0.662467834638359,1.01356820268652,1.64829384476357,0.800906738911004,0.48590046092533,1.71354858352274,2.05723716803428,1.20057125185501
"sub-0480",2.13825372835003,1.44316730430777,0.674927996230543,1.96128050208515,1.44262238978154,0.735551283076443,1.63536855290483,1.35450531986726,0.828256919494577
"sub-0481",2.19766166845133,1.53963904390112,0.700580560694807,1.9819203118858,1.60901978410552,0.811848879319742,1.91688786851008,1.88956021740128,0.985743740383711
"sub-0482",2.49917162386515,0.672626577309111,0.269139810522034,1.70065734928721,0.735635565867571,0.432559543035458,NA,NA,NA
"sub-0483",1.8450096239895,1.29832643611599,0.703696294715576,1.95789042249608,1.41802732566656,0.724262864445061,1.72286874934898,1.23959633834439,0.719495515147511
"sub-0484",0.737196528139296,0.977804170739972,1.32638195300238,1.50801475888214,1.35100498817558,0.895883133913791,NA,NA,NA
"sub-0485",1.19889026290412,1.46461132019153,1.2216391820914,1.9695246879125,1.33528162654184,0.677971509946955,1.62345728989001,1.46775992843161,0.904095190906473
"sub-0486",2.66858339083906,0.684459658370188,0.256488015596537,2.24715294246952,0.770144404591416,0.342720065927093,1.64672850577353,1.31498955145906,0.798546661971675
"sub-0487",1.36777076192835,1.63818378893693,1.19770347088524,1.86694426769919,1.71866630981715,0.920577191056285,1.67377920687971,0.871303774363922,0.52056075901924
"sub-0488",1.93492817651614,0.87539310992502,0.452416332838347,2.45239466907155,0.684843539293442,0.279255026905077,NA,NA,NA
"sub-0489",0.511301694565219,-0.523886213008544,NA,2.11355783556107,1.81173359828193,0.857196130524139,0.938218711211199,1.39866360328754,1.49076498536459
"sub-0490",1.71027583376394,0.619308347304226,0.362110213497705,1.50763125472764,0.65489989220949,0.434389967809336,1.65948172709958,0.820433102840484,0.494391164086166
"sub-0491",-0.0424980140061692,0.20884376398323,NA,1.96014902013025,1.75074417185493,0.893168914136234,1.5919536513298,1.51909403670007,0.954232577959247
"sub-0492",1.48353382921042,1.31836217776216,0.888663373766026,1.7979324443071,1.82926223607199,1.01742545548032,1.76669265501738,1.54745935729231,0.875907505981614
"sub-0494",1.82935012745448,1.63530970786355,0.893929315838005,1.91560110793836,0.820593684310471,0.428373987105084,1.67377920687971,1.23810356570244,0.739705428657185
"sub-0495",2.17462374120689,1.151860649982,0.529682734606186,1.98321514579483,2.32152573010817,1.17058693053584,1.72286874934898,1.28423424760982,0.745404574837808
"sub-0496",1.88837252916296,1.22496117526772,0.648686186835549,1.86694426769919,1.39488599103445,0.747149240161035,1.75043410645076,2.21360461033834,1.26460322166981
"sub-0497",2.2170325987871,0.716076803515803,0.322988847303174,1.99250064749962,0.124106657812248,0.0622868845578487,2.01281773610749,1.91437040499198,0.951089793502175
"sub-0498",0.146744955486549,-0.774275395220202,NA,2.42167493089798,0.681561120859726,0.281442035082304,0.826764461868767,0.50765277896544,0.614023464213705
"sub-0499",2.20861029454863,1.58239393896917,0.716465889376179,1.98321514579483,1.33050622723906,0.670883454102413,1.32503090542731,0.426389329105061,0.32179576141098
"sub-0500",1.53934912597969,0.632258454717614,0.410731031737341,2.32977588340168,1.36504083173398,0.58591079144527,1.5919536513298,1.2401036674501,0.778982268996466
"sub-0501",1.52893714889207,1.21406887818734,0.794060683964089,1.77969195855014,1.95202722216622,1.09683432168591,1.63179244618777,1.26133669694862,0.772976183273422
"sub-0503",1.98321514579483,0.850292427627361,0.428744420105051,2.63617590188171,1.30075423562108,0.493424674238393,NA,NA,NA
"sub-0504",1.96014902013025,1.81928771764663,0.928137452287043,2.09455096332526,0.928828683940052,0.443450028289341,1.57463823662778,1.29216016056373,0.820607635777343
"sub-0505",2.0239185149911,0.82302363407408,0.406648601699116,2.09713113667705,0.611664983070422,0.291667493926783,1.82434882687287,1.35387097981624,0.74211190309307
"sub-0507",2.06091186876578,0.558125841470476,0.270814996957983,2.13444567094964,0.236467531753651,0.110786390570646,1.82696210523234,1.94958508757649,1.06711851438678
"sub-0508",0.25599779639476,-0.322130731370236,NA,1.39646195954628,2.08300535833874,1.4916305769013,NA,NA,NA
"sub-0510",1.30393404384402,0.201126394623508,0.154245834421643,2.11832792760381,1.14303932762143,0.53959508002824,1.30657127383038,1.89105494560898,1.44734159053192
"sub-0511",2.00092410694983,0.209214784598691,0.104559080412907,1.76094777298615,1.07361372171546,0.609679479530992,1.87406617900441,0.947939857842299,0.505819841616205
"sub-0512",0.471682529963876,-0.247750710480299,NA,1.70164402311108,0.618133977099716,0.36325692606941,0.850048766743197,0.46645372317515,0.548737603563947
"sub-0513",0.92343144780639,-0.153357649219393,NA,2.21873576879173,1.06617833519742,0.480534162830052,1.8510416608231,0.97366586599716,0.526009698541417
"sub-0514",2.27364164741957,1.38692288992017,0.610000653134688,1.76173455655281,1.79732603584197,1.02020252095117,0.937231654004658,1.17815792521091,1.25706160283513
"sub-0515",2.20561090104133,0.49722652899957,0.225437101695868,1.93916818113765,1.9763108144603,1.01915389994738,1.48147613824368,0.870323181687576,0.587470266459613
"sub-0516",-0.257736636162002,-1.12642606883775,NA,2.11537471605211,1.42456560732966,0.673434165833417,NA,NA,NA
"sub-0517",1.96167794934794,1.02072923563398,0.520334765435516,2.02404120557746,1.31036346387559,0.647399598518422,0.630153605923794,0.548215503550646,0.869971223519338
"sub-0519",1.93149905405616,1.46650732894256,0.759258631715551,0.869640131441739,1.27222182709598,1.46292906812709,1.54499450901544,1.47634959478005,0.955569476891453
"sub-0520",0.717086130421651,0.435958986238176,0.607959027155955,2.46585352017609,1.18000486796196,0.478538103868268,1.52026315278282,1.72653689485352,1.1356829189033
"sub-0521",0.65287920379997,-0.47113304121053,NA,1.73278560197423,0.6030301054785,0.348011955311404,1.12632002940656,1.20416527592642,1.06911467832182
"sub-0522",2.44085765545397,1.04608810081032,0.428573988521161,1.86509560929242,1.64602572268394,0.882542275303736,1.64577737474449,1.58753358165664,0.964610162965148
"sub-0523",2.02483579458808,1.39603554361325,0.689456175826471,1.66094382781849,1.40728843101873,0.847282374905526,NA,NA,NA
"sub-0524",1.96014902013025,1.70717601612078,0.870941953182389,1.98025035868414,1.888881769163,0.95386008182225,1.52712479026247,1.02431830118122,0.670749573127664
"sub-0526",1.66231316154809,1.47837955656672,0.889350809921952,1.93974330563825,0.735521295452308,0.379184860859872,1.44585353876351,1.03427162573288,0.715336372602016
"sub-0527",1.91723353742797,1.06263228688949,0.554252920233725,1.73938506944063,1.80779540079236,1.03933018200146,0.633732107364344,0.616485937180773,0.972786339869543
"sub-0528",1.28127602931268,1.07294448277256,0.83740307180189,2.38363234336279,1.36387634971478,0.572184025574452,1.72286874934898,1.19272473563091,0.69228995887331
"sub-0530",-0.23183436245301,-0.188133014628042,0.811497539180258,2.01808567064572,1.11596440725935,0.552981681348681,NA,NA,NA
"sub-0531",1.41251809108722,1.85954518277187,1.31647530357687,1.84167839068617,1.58127844486894,0.858607264365954,1.53788679490664,1.63188678592408,1.06112282863002
"sub-0533",0.0627067779432138,0.617914121294517,NA,2.09201431282438,1.08163322237514,0.517029551731342,2.0457958930702,0.849187450395479,0.415089038584917
"sub-0534",-0.108255395998955,-0.9869460198702,NA,1.98321514579483,2.35591238446484,1.18792577268294,1.70888382079225,1.25607317198324,0.735025492488373
"sub-0535",1.63913005760231,0.84525270926358,0.51567153280076,2.24906173834304,1.60262728936738,0.712575943134444,1.87149698782944,1.59666648568234,0.853149375107549
"sub-0537",1.87163638391033,0.252251603475235,0.134775966979343,2.0404479139853,0.652991205485885,0.320023462010602,0.926182278674458,1.27497271528581,1.37658940863189
"sub-0538",1.55822507333315,-0.0377319049969546,NA,1.86694426769919,2.1837527403763,1.16969358869376,1.65948172709958,1.08363330259461,0.652995019408
"sub-0539",NA,NA,NA,NA,NA,NA,1.59705096841895,1.62566439902621,1.01791641667866
"sub-0540",1.05249452273068,-0.281310638380943,NA,1.7623573405474,1.46435276966805,0.830905705657405,1.83631317936933,1.19814622406808,0.65247379234057
"sub-0541",0.104633455614075,-0.680821133813452,NA,2.30347985277444,1.92408866631973,0.835296503245837,NA,NA,NA
"sub-0542",1.66456300094804,-0.293828900407773,NA,1.89820797513931,2.11334864492082,1.11333882935863,1.67377920687971,1.01919387595706,0.608917754365618
"sub-0543",1.63423314066553,1.36828636995422,0.837265097559455,2.21873576879173,1.39917698819511,0.630619025426842,1.42941967884017,1.55298268862679,1.08644277927311
"sub-0544",1.89820797513931,1.30757792364448,0.688848609198638,1.98321514579483,1.79204223200579,0.903604551329488,1.57463823662778,1.03401449147548,0.656667968186716
"sub-0546",-0.176820835190442,-0.917270327653252,NA,1.53000502488905,1.0713400095029,0.700219928742121,1.76004000366357,1.64587612437812,0.935135633822059
"sub-0547",2.19758330328298,1.6269964996213,0.740357144682856,1.54854569094955,1.46649657702223,0.947015374227019,1.66827118509575,1.49724127892031,0.897480752707706
"sub-0548",1.97908721342284,0.768372033773801,0.388245666265965,2.11482845697276,0.647927637233046,0.306373613943379,1.89548796498958,0.863004222292288,0.455293960305905
"sub-0549",1.90221590258757,1.15096264886355,0.605064150340616,2.01797113207302,0.291388457916227,0.144396742492986,1.60742526769607,2.68694772285226,NA
"sub-0550",1.82203978790418,1.48603240943921,0.815587244199829,1.62465548057147,1.37474721782357,0.846177687678131,2.02904724967899,1.47106835754155,0.725004485614756
"sub-0551",1.62842184831639,-0.0660905389683054,NA,1.84951654794491,1.15045439131408,0.622029790753917,1.78316621423737,1.08948373373787,0.61098271436453
"sub-0552",-0.151843534281583,-0.726900218652144,NA,2.13896773740446,1.29888050831025,0.607246423401589,NA,NA,NA
"sub-0553",2.07281628365628,1.9366233305245,0.934295695086132,1.76173455655281,1.18804208594726,0.674359302045995,1.86891172241174,1.74949455024636,0.936103363934556
"sub-0554",1.00798532502704,1.38226697873347,1.37131657020541,2.01808567064572,0.569676966268467,0.282285818959405,NA,NA,NA
"sub-0555",0.104633455614075,-0.032948799270203,NA,2.0226507249262,1.61677139874852,0.79933296383018,1.59623747258023,1.43545213286073,0.899272293451672
"sub-0556",0.967421566101701,0.644020228106415,0.665707950569619,1.98265878834053,1.66987910183091,0.842242301928604,1.80755345002889,1.15887167929876,0.641127198357672
"sub-0557",1.70784906274159,0.693421449948146,0.406020335798882,1.96128050208515,2.34882579135771,1.19759809413317,1.84555527806841,1.4781130674602,0.800904250891484
"sub-0558",-0.0208900882468884,0.159824344480334,NA,1.86495527060646,1.30835253969363,0.701546337499115,1.60742526769607,1.60820927963327,1.00048774394241
"sub-0559",NA,NA,NA,NA,NA,NA,1.7699592401857,1.2672904797177,0.715999810020904
"sub-0560",-0.0424980140061692,0.209976469889151,NA,1.97670697338829,1.01116658463144,0.511540960923605,1.60742526769607,1.4290857563718,0.889052688850732
"sub-0561",1.99277021710162,1.40269901629478,0.703894008580142,1.32532705664056,1.98230826266145,1.49571251317105,1.67377920687971,1.44214321682578,0.861608992929389
"sub-0562",1.87486376386837,0.663633708355895,0.353963696533678,2.11482845697276,1.37335561753326,0.649393388388168,0.714956602665566,0.686557738716845,0.960278898267613
"sub-0563",0.54217689791991,0.982548604063679,1.81222882758981,1.52893714889207,1.0336681814109,0.676069766608741,1.21824050023831,1.12983801224245,0.927434289059868
"sub-0564",1.72758288934273,0.307058216400365,0.17773863025304,1.83580812403143,1.32028109598859,0.719182510800344,1.5919536513298,1.49955471625238,0.941958778133878
"sub-0565",2.0028444146507,1.47118421659375,0.734547429561735,1.66601622487341,2.17139460930327,1.30334541577964,NA,NA,NA
"sub-0566",0.690471152896126,0.101261865273019,0.146656185198012,2.26933173872167,1.29151226610708,0.569115675804451,1.60742526769607,1.63948445905274,1.01994443660987
"sub-0570",-0.0208900882468884,-0.591347957165348,NA,2.29194839047768,0.744374757064484,0.324778149524275,NA,NA,NA
"sub-0571",1.61508208424015,0.179912210774266,0.111395087921435,1.73762964797718,1.47791505932727,0.850535130456456,1.66827118509575,1.29298561169241,0.775045222409809
"sub-0572",1.80441227829872,0.251136187660159,0.139178939691621,2.27041119403079,1.5007520330127,0.6610045074471,NA,NA,NA
"sub-0574",2.12840409520572,1.24465458191013,0.584783023446414,1.97716802858432,1.01265026748176,0.512172082919441,NA,NA,NA
"sub-0576",1.89606055479513,0.926544367199932,0.488668130802419,1.73652360210136,2.06597764613714,1.18972045276961,1.551885990492,1.21509212375116,0.78297770016336
"sub-0577",-0.123590715270334,-0.185569883247527,1.50148725041055,0.378690063724591,0.836248925104103,NA,1.52886463566389,1.15771140783326,0.757236043549753
"sub-0578",1.12796690207659,1.26307088045434,1.11977654497577,2.10686383241112,1.20540263392678,0.572131248058542,1.59705096841895,1.27383268272265,0.797615547601289
"sub-0579",1.54676698208257,0.885129147961875,0.572244661422843,2.39539797486388,1.60145275368311,0.668553939883043,1.87406617900441,1.42646105396911,0.761158314444855
"sub-0580",1.55651049787739,1.28889444185383,0.828066655259627,2.11482845697276,1.79042601325362,0.846605788450804,NA,NA,NA
"sub-0581",-0.0424980140061692,-0.791853875557801,NA,1.86699378005879,1.53793005544534,0.8237467483137,1.70752848150507,2.36881611002999,1.38727765638324
"sub-0582",1.63160540748735,1.04029824734279,0.637591811456937,2.43717845062437,1.70264834278565,0.698614556660577,1.90669442028081,2.12475830759562,1.11436750692473
"sub-0583",2.02092447747091,1.92567329061431,0.952867517852123,2.10083527373814,1.00057847017574,0.476276499487438,1.70752848150507,1.27093644489554,0.744313467483303
"sub-0584",1.55057390949566,1.30034964209138,0.83862474025139,1.97875746666751,1.74795585045271,0.883360330862835,1.95587012979246,1.67008203761105,0.853881866782363
"sub-0585",0.0424980140061694,0.444861763875371,NA,1.86699378005879,1.45945339258336,0.781713044880845,2.03111581326343,1.29660134989889,0.638368989809407
"sub-0586",0.631991736189912,0.295774446289551,0.468003661048934,2.0028444146507,1.81981498792326,0.908615254690483,1.64577737474449,1.17515724581753,0.714043869997889
"sub-0587",1.87486376386837,2.67964949382718,1.42925024498757,2.0294101603079,1.91662035020542,0.9444223684751,NA,NA,NA
"sub-0588",0.631991736189912,1.25304703867449,1.98269529001871,2.33191031427203,0.727125558405944,0.311815404715913,1.69459642800672,2.14842892885517,1.26781155285585
"sub-0590",1.56583359911123,1.18479042345082,0.756651552325424,1.71027583376394,1.84612972176873,1.07943390494258,1.65948172709958,1.56931937994357,0.945668370019599
"sub-0591",1.23381171525605,0.81458164621095,0.66021552246479,2.09201431282438,0.951821389093576,0.454978430720459,NA,NA,NA
"sub-0592",2.15845456687381,2.13468287767078,0.988986708560904,1.97875746666751,1.53255188336015,0.774502135393669,1.72583566628322,1.19372088388216,0.691677027658705
"sub-0593",1.97597128053808,1.07816713933116,0.545639073781256,2.63445373473614,1.88493551516727,0.715493876515568,1.90669442028081,1.54902109448643,0.812411825413688
"sub-0594",1.34466697894993,1.83031199271194,1.36116378357209,1.98025035868414,2.12374143090166,1.07246107624132,1.71354858352274,1.47615438850902,0.861460481893263
"sub-0596",0.863608176468874,0.35692466290164,0.413294677640774,1.9348431322034,0.741054420426892,0.383004910368614,1.72583566628322,0.392479086179761,0.227413938561722
"sub-0597",0.759562706825064,0.0863400854625349,0.11367078015643,1.4809679520124,0.971676784914377,0.656109258538664,1.79884156096887,0.964802888083536,0.536346785074216
"sub-0598",1.79287088736328,0.388717822530491,0.216813059585214,2.42246426184269,1.87520907345224,0.774091532737754,1.64836430799275,1.23345751329108,0.748291811045756
"sub-0599",1.89647435170548,0.423582590458141,0.223352659674631,2.07286677898758,0.190127932089735,0.091722214865442,1.62373630249865,0.991015113388433,0.610330083686267
"sub-0600",1.86489803807492,1.26995310152741,0.680977230711412,2.22573087670545,1.87021521462758,0.840270148651528,1.8612560763997,1.1090037852222,0.595836220111848
"sub-0601",2.02404120557746,0.57520054021955,0.284184204666647,2.19691665338742,1.33461766061267,0.60749580943584,1.71366206577639,2.15159602569741,1.25555444604104
"sub-0602",1.52560608342748,1.56936802758155,1.02868495650972,1.99473250631112,1.79674285640558,0.900743759236329,1.53788679490664,1.04193296561348,0.677509533903456
"sub-0604",2.24923040016778,1.17653614637851,0.523083871839339,1.98321514579483,1.16610667434591,0.587987983461347,1.44585353876351,1.17562173355903,0.813098769716615
"sub-0605",2.27041119403079,0.562245263799178,0.247640279997471,2.40162172578808,1.39382995679874,0.580370314705313,1.72583566628322,1.20270104922786,0.696880399869134
"sub-0606",2.07428096294663,1.16653111596519,0.562378547941775,2.11130230787761,2.32075826392073,1.09920699430944,1.76004000366357,2.26961791645607,1.28952632424933
"sub-0607",2.10461114692391,0.538275278271828,0.255759967373815,2.00205704950816,1.23666520581735,0.617697285959535,1.72583566628322,1.28547199942416,0.744840325494353
"sub-0608",-0.104633455614075,-0.567214785031623,NA,2.12942813650221,1.32778273035747,0.623539582105122,NA,NA,NA
"sub-0609",1.25543788672907,0.738034988100476,0.587870571616536,1.98025035868414,2.13655862766134,1.07893358952909,1.67535530298366,1.51440799543248,0.90393243315937
"sub-0610",1.57131917942266,0.373182564586607,0.237496346683506,1.8504891197083,1.54672289096493,0.835845439182451,1.74491834499642,1.95243682313631,1.11892732902657
"sub-0611",1.34661334698538,0.00179183259077248,0.00133062143991354,1.45456366092756,1.12323468661646,0.772214181330629,1.66001356272801,1.20883431511129,0.728207493151283
"sub-0612",1.01659094514126,1.3721862950745,1.34979197053917,2.24435750500069,2.14888092078231,0.95745927999187,1.87149698782944,1.643290445056,0.878062030418699
"sub-0613",-0.127802736077752,-0.437485356137476,NA,1.55201142316117,2.00783626867971,1.29369941400953,1.7716878026112,1.54855532965052,0.87405655069035
"sub-0614",1.83861189780611,1.19426433358784,0.649546723271437,1.63600569070121,1.45303944734941,0.888162831956057,1.8220097196009,1.73589349474911,0.952735584269739
"sub-0615",0.588154391511849,1.37038049552497,NA,1.8093236508999,2.35841214305381,1.3034772092217,1.74421035110166,2.27138136230366,1.30224050147909
"sub-0616",2.26834973339627,0.0922638871936469,0.0406744541352119,2.09713113667705,1.78063038812846,0.849079181071101,1.74491834499642,1.68135359043736,0.963571501932262
"sub-0617",1.86694426769919,1.18390656877873,0.634141355616241,2.11482845697276,1.41291833551777,0.66810068252073,1.90669442028081,1.40037107469959,0.734449663147044
"sub-0619",-0.0208900882468884,-0.215708245630347,NA,1.98321514579483,1.80543424161055,0.910357227474159,1.55710335070637,0.794554288030998,0.510277167967402
"sub-0620",1.53961338161442,-0.0769348176561601,NA,2.0294101603079,1.02017180746556,0.502693751819384,NA,NA,NA
"sub-0621",1.75139864277695,0.63482709745208,0.362468647597856,2.17276725412397,1.02919304221681,0.473678457857545,1.67377920687971,2.19072252313715,1.3088479735754
"sub-0622",-0.0627067779432138,-0.472764419341975,NA,1.86495527060646,1.68515108534101,0.90358793688013,1.76004000366357,0.984948591502295,0.55961716179865
"sub-0623",1.2815515655446,0.100458952660728,0.0783885372712545,1.84951654794491,2.14378755725368,1.15910698914035,1.89547735288165,1.10043788307887,0.580559763167786
"sub-0624",1.71402297952573,0.749018605730728,0.436994494635061,2.24766552041513,1.63846841350969,0.728964518353723,1.37909776185047,1.13503353986976,0.823026163385818
"sub-0625",1.80791287472065,0.44728431734924,0.247403690522616,2.26722353981419,2.68616180529992,1.18478030865896,1.79697480439993,2.21898476843069,1.23484467506025
"sub-0626",-0.0216105463961118,-0.595459840962657,NA,2.45815928961696,1.35321733822982,0.550500264138978,1.36900203251101,0.559699456775347,0.408837564505841
"sub-0627",1.30219291465759,0.00108361294641822,0.000832144710834303,2.45812771915254,1.15405876895745,0.469486902558229,NA,NA,NA
"sub-0628",1.77932549415819,0.397103867600832,0.223176630079537,1.98321514579483,2.20135519662797,1.10999313478201,1.76297115571279,1.3462208493257,0.763609118029731
"sub-0629",1.91546909895998,1.06790397220634,0.557515635614359,2.24766552041513,1.50763246425689,0.670754812298958,NA,NA,NA
"sub-0630",1.72704795705824,1.02747925834632,0.594933831540194,1.68495827690139,1.50192499985129,0.89137221997764,1.63639995549629,1.80120506492804,1.10071199823626
"sub-0631",1.6703060761831,1.31305802338115,0.786118210371174,2.02232704988679,1.67267275609527,0.827102993152817,1.53788679490664,1.75628088958684,1.14200921381438
"sub-0632",0.578755328768199,0.0706980390704384,0.122155314268828,0.48200253098461,0.565161556009158,1.17252819161484,1.72286874934898,1.13774978180153,0.660380996655405
"sub-0633",2.02194427645825,2.02631913457915,1.0021636887682,1.17713064109701,1.22768231257442,1.04294482677836,1.8220097196009,2.20621380625051,1.210868296978
"sub-0638",1.22523821582308,0.923787578361667,0.753965691268526,1.89835172715424,1.51444244360572,0.797767042820868,1.74491834499642,1.39562659066349,0.799823438538237
"sub-0639",2.88211963239496,1.13536824398093,0.393935154953116,1.97597128053808,1.68434189327442,0.852412132637755,1.7699592401857,1.91423625810688,1.08151431662689
